SellerCounterOfferValue,,,,
% of difference offer,100%,75%,50%,25%
90,25,75,0,0
60,25,75,0,0
40,25,75,0,0
20,25,75,0,0
,,,,
SellerCounterOfferValueForLowOffer,,,,
% of difference offer,same as above,,,
low offer,25,75,0,0
,,,,
SellerCounterOfferTeamRankModifier,,,,
rank,low % change,high % change,,
1,0,0,,
2,0,0,,
3,0,0,,
4,0,0,,
5,0,0,,
6,0,0,,
7,0,0,,
8,-100,100,,
,,,,
SellerCounterOfferPlayerRankModifier,,,,
rank,low % change,high % change,,
1,0,0,,
2,0,0,,
3,0,0,,
4,0,0,,
5,0,0,,
6,0,0,,
7(excess),-50,100,,
